{
  "product_review::product_review": 48.000030517578125,
  "3::spacing_row": 12,
  "product_name_price::product_name_price": 110.99996948242188,
  "1::product_images_carousel": 390,
  "3::spl": 48,
  "3::installment_plan": 48,
  "3::insurance": 48,
  "product_shipping_section::spacing_row": 10,
  "11::product_variation": 109.99993896484375,
  "product_shipping_section::product_shipping_info": 50,
  "14::product_shop": 118,
  "16::product_detail": 260.9998779296875,
  "hot_sales_ftss::product_hot_sales": 267.00006103515625,
  "product_rating::rating": 123.3333740234375,
  "product_rating::header": 110,
  "product_rating::see_all": 48.666748046875,
  "product_video::product_video": 259.9998779296875,
  "19::header": 48,
  "19::ymal_row": 270
}